mean_fit_time,std_fit_time,mean_score_time,std_score_time,param_var_smoothing,params,split0_test_score,split1_test_score,split2_test_score,mean_test_score,std_test_score,rank_test_score
0.0006237030029296875,9.08705341672795e-06,0.00043002764383951825,4.9605326761650195e-06,1e-09,{'var_smoothing': 1e-09},0.978494623655914,0.9891304347826086,0.9565217391304348,0.9747155991896524,0.013577985306406287,1
0.000518957773844401,0.00010548961685487521,0.00038735071818033856,3.490170772964269e-05,1e-08,{'var_smoothing': 1e-08},0.978494623655914,0.9891304347826086,0.9565217391304348,0.9747155991896524,0.013577985306406287,1
0.00045561790466308594,2.0245467285271526e-05,0.0004616578420003255,0.00013029458404238033,1e-07,{'var_smoothing': 1e-07},0.978494623655914,0.9891304347826086,0.9565217391304348,0.9747155991896524,0.013577985306406287,1
0.0004264513651529948,2.6151039298256432e-05,0.0003612041473388672,1.1399300659067078e-05,1e-06,{'var_smoothing': 1e-06},0.978494623655914,0.9891304347826086,0.9565217391304348,0.9747155991896524,0.013577985306406287,1
0.0006479422251383463,0.0003810142904431701,0.0008693536122639974,0.0002021011854243241,1e-05,{'var_smoothing': 1e-05},0.978494623655914,0.9891304347826086,0.9565217391304348,0.9747155991896524,0.013577985306406287,1
0.0006570021311442057,0.00019099707593467387,0.0003910064697265625,2.9469539415393393e-05,0.0001,{'var_smoothing': 0.0001},0.978494623655914,0.9891304347826086,0.9565217391304348,0.9747155991896524,0.013577985306406287,1
0.00046626726786295575,5.0381907003347466e-05,0.00036398569742838543,2.92218149675532e-06,0.001,{'var_smoothing': 0.001},0.978494623655914,0.9891304347826086,0.9565217391304348,0.9747155991896524,0.013577985306406287,1
